{"inputUnits":[34],"outputUnits":6,"inputs":{"0":{"dtype":"number","min":768.6105067083942,"max":1139.9092801040142},"1":{"dtype":"number","min":101.23996191786972,"max":285.4699064555921},"2":{"dtype":"number","min":798.9778744732891,"max":1107.9581890143381},"3":{"dtype":"number","min":64.13704736423307,"max":272.9322722734298},"4":{"dtype":"number","min":744.6187027899609,"max":1067.2704923455012},"5":{"dtype":"number","min":81.57429477624726,"max":272.12671826457415},"6":{"dtype":"number","min":835.5436516179908,"max":1137.075905604669},"7":{"dtype":"number","min":92.18576412684268,"max":284.996557403029},"8":{"dtype":"number","min":718.2089232283029,"max":1044.8026642975983},"9":{"dtype":"number","min":129.91047939129504,"max":289.5834999010111},"10":{"dtype":"number","min":893.1905253449378,"max":1220.5260790254172},"11":{"dtype":"number","min":253.51428294042398,"max":373.1987490291483},"12":{"dtype":"number","min":678.6955688106618,"max":1130.768141123751},"13":{"dtype":"number","min":258.28590675636576,"max":384.29392199302504},"14":{"dtype":"number","min":851.7894437020285,"max":1325.912219785575},"15":{"dtype":"number","min":138.7786115679824,"max":780.0626532422637},"16":{"dtype":"number","min":646.7067226238883,"max":1120.5199139392398},"17":{"dtype":"number","min":176.80907489263518,"max":748.6147851181772},"18":{"dtype":"number","min":717.5234194155092,"max":1321.8195234451146},"19":{"dtype":"number","min":31.6559492263645,"max":836.7430474651255},"20":{"dtype":"number","min":529.2290486415692,"max":1082.2755524336012},"21":{"dtype":"number","min":37.08552250852824,"max":821.2182307847527},"22":{"dtype":"number","min":879.5832037972195,"max":1233.013656645955},"23":{"dtype":"number","min":503.2499447947124,"max":868.7193087155822},"24":{"dtype":"number","min":744.1665357920626,"max":1113.3819136889124},"25":{"dtype":"number","min":504.18299862748233,"max":939.4035949112147},"26":{"dtype":"number","min":825.6239089817099,"max":1224.796236569886},"27":{"dtype":"number","min":679.6972781175758,"max":978.1618661861903},"28":{"dtype":"number","min":714.624898215251,"max":1101.9796806469299},"29":{"dtype":"number","min":667.8247106005573,"max":951.6938445628502},"30":{"dtype":"number","min":833.8964225070054,"max":1188.9518705074317},"31":{"dtype":"number","min":803.1742023073905,"max":997.492389288562},"32":{"dtype":"number","min":719.1313071371751,"max":1114.1242403919005},"33":{"dtype":"number","min":759.60559361627,"max":998.3991108349655}},"outputs":{"0":{"dtype":"string","min":0,"max":1,"uniqueValues":["a","t","i","o","l","f"],"legend":{"a":[1,0,0,0,0,0],"t":[0,1,0,0,0,0],"i":[0,0,1,0,0,0],"o":[0,0,0,1,0,0],"l":[0,0,0,0,1,0],"f":[0,0,0,0,0,1]}}},"isNormalized":true}